-- App: Shopping Cart API
-- Package: db.scripts
-- File: shopping_cart_test_data.sql
-- Version: 0.1.0
-- Turns: 1
-- Author: Codex Agent
-- Date: 2025-10-01T19:32:32Z
-- Description: Seeds twenty shopping carts with representative items and optional discounts for testing.

BEGIN;

SET search_path TO shopping_cart, public;

INSERT INTO shopping_cart (id, user_id, subtotal, tax, shipping, total, currency)
VALUES
    ('00000000-0000-0000-0000-000000000001', '10000000-0000-0000-0000-000000000001', 120.00, 9.60, 5.00, 124.60, 'USD'),
    ('00000000-0000-0000-0000-000000000002', '10000000-0000-0000-0000-000000000002', 89.99, 7.20, 0.00, 97.19, 'USD'),
    ('00000000-0000-0000-0000-000000000003', '10000000-0000-0000-0000-000000000003', 45.50, 3.64, 4.99, 54.13, 'USD'),
    ('00000000-0000-0000-0000-000000000004', '10000000-0000-0000-0000-000000000004', 215.75, 17.26, 0.00, 233.01, 'USD'),
    ('00000000-0000-0000-0000-000000000005', '10000000-0000-0000-0000-000000000005', 63.40, 5.07, 7.50, 75.97, 'USD'),
    ('00000000-0000-0000-0000-000000000006', '10000000-0000-0000-0000-000000000006', 149.95, 12.00, 8.50, 170.45, 'USD'),
    ('00000000-0000-0000-0000-000000000007', '10000000-0000-0000-0000-000000000007', 32.10, 2.57, 0.00, 34.67, 'USD'),
    ('00000000-0000-0000-0000-000000000008', '10000000-0000-0000-0000-000000000008', 199.99, 16.00, 0.00, 215.99, 'USD'),
    ('00000000-0000-0000-0000-000000000009', '10000000-0000-0000-0000-000000000009', 78.45, 6.28, 3.99, 88.72, 'USD'),
    ('00000000-0000-0000-0000-000000000010', '10000000-0000-0000-0000-000000000010', 55.00, 4.40, 0.00, 59.40, 'USD'),
    ('00000000-0000-0000-0000-000000000011', '10000000-0000-0000-0000-000000000011', 132.60, 10.61, 5.50, 148.71, 'USD'),
    ('00000000-0000-0000-0000-000000000012', '10000000-0000-0000-0000-000000000012', 84.30, 6.74, 0.00, 91.04, 'USD'),
    ('00000000-0000-0000-0000-000000000013', '10000000-0000-0000-0000-000000000013', 47.99, 3.84, 6.00, 57.83, 'USD'),
    ('00000000-0000-0000-0000-000000000014', '10000000-0000-0000-0000-000000000014', 168.25, 13.46, 0.00, 181.71, 'USD'),
    ('00000000-0000-0000-0000-000000000015', '10000000-0000-0000-0000-000000000015', 94.80, 7.58, 4.50, 106.88, 'USD'),
    ('00000000-0000-0000-0000-000000000016', '10000000-0000-0000-0000-000000000016', 28.75, 2.30, 3.50, 34.55, 'USD'),
    ('00000000-0000-0000-0000-000000000017', '10000000-0000-0000-0000-000000000017', 302.10, 24.17, 12.00, 338.27, 'USD'),
    ('00000000-0000-0000-0000-000000000018', '10000000-0000-0000-0000-000000000018', 76.25, 6.10, 0.00, 82.35, 'USD'),
    ('00000000-0000-0000-0000-000000000019', '10000000-0000-0000-0000-000000000019', 58.60, 4.69, 5.25, 68.54, 'USD'),
    ('00000000-0000-0000-0000-000000000020', '10000000-0000-0000-0000-000000000020', 141.40, 11.31, 0.00, 152.71, 'USD')
ON CONFLICT (id) DO NOTHING;

INSERT INTO shopping_cart_item (cart_id, product_id, name, quantity, unit_price, total_price, currency)
VALUES
    ('00000000-0000-0000-0000-000000000001', 'SKU-1001', 'Wireless Mouse', 2, 30.00, 60.00, 'USD'),
    ('00000000-0000-0000-0000-000000000001', 'SKU-1002', 'Mechanical Keyboard', 1, 60.00, 60.00, 'USD'),
    ('00000000-0000-0000-0000-000000000002', 'SKU-1003', 'Noise Cancelling Headphones', 1, 89.99, 89.99, 'USD'),
    ('00000000-0000-0000-0000-000000000003', 'SKU-1004', 'Travel Mug', 1, 15.50, 15.50, 'USD'),
    ('00000000-0000-0000-0000-000000000003', 'SKU-1005', 'Gourmet Coffee Beans', 2, 15.00, 30.00, 'USD'),
    ('00000000-0000-0000-0000-000000000004', 'SKU-1006', '4K Monitor', 1, 215.75, 215.75, 'USD'),
    ('00000000-0000-0000-0000-000000000005', 'SKU-1007', 'Fitness Tracker', 1, 63.40, 63.40, 'USD'),
    ('00000000-0000-0000-0000-000000000006', 'SKU-1008', 'Smart Speaker', 1, 79.95, 79.95, 'USD'),
    ('00000000-0000-0000-0000-000000000006', 'SKU-1009', 'Smart Light Bulb Kit', 2, 35.00, 70.00, 'USD'),
    ('00000000-0000-0000-0000-000000000007', 'SKU-1010', 'Yoga Mat', 1, 32.10, 32.10, 'USD'),
    ('00000000-0000-0000-0000-000000000008', 'SKU-1011', 'Robot Vacuum', 1, 199.99, 199.99, 'USD'),
    ('00000000-0000-0000-0000-000000000009', 'SKU-1012', 'Portable Charger', 1, 24.50, 24.50, 'USD'),
    ('00000000-0000-0000-0000-000000000009', 'SKU-1013', 'Bluetooth Speaker', 1, 53.95, 53.95, 'USD'),
    ('00000000-0000-0000-0000-000000000010', 'SKU-1014', 'Desk Lamp', 2, 27.50, 55.00, 'USD'),
    ('00000000-0000-0000-0000-000000000011', 'SKU-1015', 'Gaming Chair', 1, 132.60, 132.60, 'USD'),
    ('00000000-0000-0000-0000-000000000012', 'SKU-1016', 'Smart Thermostat', 1, 84.30, 84.30, 'USD'),
    ('00000000-0000-0000-0000-000000000013', 'SKU-1017', 'Cookware Set', 1, 47.99, 47.99, 'USD'),
    ('00000000-0000-0000-0000-000000000014', 'SKU-1018', 'Electric Scooter', 1, 168.25, 168.25, 'USD'),
    ('00000000-0000-0000-0000-000000000015', 'SKU-1019', 'Smartwatch', 1, 94.80, 94.80, 'USD'),
    ('00000000-0000-0000-0000-000000000016', 'SKU-1020', 'Board Game Bundle', 1, 28.75, 28.75, 'USD'),
    ('00000000-0000-0000-0000-000000000017', 'SKU-1021', 'Home Theater System', 1, 302.10, 302.10, 'USD'),
    ('00000000-0000-0000-0000-000000000018', 'SKU-1022', 'Air Fryer', 1, 76.25, 76.25, 'USD'),
    ('00000000-0000-0000-0000-000000000019', 'SKU-1023', 'Chef Knife Set', 1, 58.60, 58.60, 'USD'),
    ('00000000-0000-0000-0000-000000000020', 'SKU-1024', 'Cordless Drill', 1, 141.40, 141.40, 'USD')
ON CONFLICT (cart_id, product_id) DO NOTHING;

INSERT INTO shopping_cart_discount (cart_id, code, amount)
VALUES
    ('00000000-0000-0000-0000-000000000001', 'WELCOME10', 10.00),
    ('00000000-0000-0000-0000-000000000002', 'LOYALTY5', 5.00),
    ('00000000-0000-0000-0000-000000000003', 'SPRING15', 7.50),
    ('00000000-0000-0000-0000-000000000004', 'VIP20', 20.00),
    ('00000000-0000-0000-0000-000000000005', 'FREESHIP', 7.50),
    ('00000000-0000-0000-0000-000000000006', 'BUNDLE8', 8.00),
    ('00000000-0000-0000-0000-000000000007', 'HEALTH3', 3.00),
    ('00000000-0000-0000-0000-000000000008', 'SMART15', 15.00),
    ('00000000-0000-0000-0000-000000000009', 'TECH10', 10.00),
    ('00000000-0000-0000-0000-000000000010', 'LIGHTS5', 5.00)
ON CONFLICT (cart_id, code) DO NOTHING;

COMMIT;

SELECT COUNT(*) AS cart_count FROM shopping_cart;
