-- App: Shopping Cart API
-- Package: db.scripts
-- File: shopping_cart_test_data.sql
-- Version: 0.1.0
-- Turns: [1]
-- Author: Codex Agent <agent@local>
-- Date: 2025-10-02T10:47:14Z
-- Description: Inserts deterministic shopping cart sample data for manual
--              testing and local development scenarios.

BEGIN;

SET search_path TO shopping_cart_app, public;

INSERT INTO shopping_cart (id, user_id, subtotal, tax, shipping, total, currency)
VALUES
    ('00000000-0000-0000-0000-000000000001', '10000000-0000-0000-0000-000000000001', 125.00, 10.00, 5.00, 140.00, 'USD'),
    ('00000000-0000-0000-0000-000000000002', '10000000-0000-0000-0000-000000000002', 220.00, 15.00, 10.00, 245.00, 'USD'),
    ('00000000-0000-0000-0000-000000000003', '10000000-0000-0000-0000-000000000003', 89.99, 7.20, 0.00, 97.19, 'USD'),
    ('00000000-0000-0000-0000-000000000004', '10000000-0000-0000-0000-000000000004', 310.49, 20.00, 12.50, 342.99, 'USD'),
    ('00000000-0000-0000-0000-000000000005', '10000000-0000-0000-0000-000000000005', 58.75, 4.70, 7.25, 70.70, 'USD'),
    ('00000000-0000-0000-0000-000000000006', '10000000-0000-0000-0000-000000000006', 480.10, 38.40, 15.00, 533.50, 'USD'),
    ('00000000-0000-0000-0000-000000000007', '10000000-0000-0000-0000-000000000007', 149.90, 12.00, 0.00, 161.90, 'USD'),
    ('00000000-0000-0000-0000-000000000008', '10000000-0000-0000-0000-000000000008', 64.30, 5.15, 6.50, 75.95, 'USD'),
    ('00000000-0000-0000-0000-000000000009', '10000000-0000-0000-0000-000000000009', 915.00, 73.20, 25.00, 1013.20, 'USD'),
    ('00000000-0000-0000-0000-000000000010', '10000000-0000-0000-0000-000000000010', 39.95, 3.20, 4.99, 48.14, 'USD'),
    ('00000000-0000-0000-0000-000000000011', '10000000-0000-0000-0000-000000000011', 275.45, 22.00, 9.50, 306.95, 'USD'),
    ('00000000-0000-0000-0000-000000000012', '10000000-0000-0000-0000-000000000012', 512.25, 40.98, 18.00, 571.23, 'USD'),
    ('00000000-0000-0000-0000-000000000013', '10000000-0000-0000-0000-000000000013', 76.40, 6.11, 5.00, 87.51, 'USD'),
    ('00000000-0000-0000-0000-000000000014', '10000000-0000-0000-0000-000000000014', 189.00, 15.12, 8.75, 212.87, 'USD'),
    ('00000000-0000-0000-0000-000000000015', '10000000-0000-0000-0000-000000000015', 995.99, 79.68, 25.00, 1100.67, 'USD'),
    ('00000000-0000-0000-0000-000000000016', '10000000-0000-0000-0000-000000000016', 410.00, 32.80, 14.00, 456.80, 'EUR'),
    ('00000000-0000-0000-0000-000000000017', '10000000-0000-0000-0000-000000000017', 255.75, 20.46, 11.20, 287.41, 'EUR'),
    ('00000000-0000-0000-0000-000000000018', '10000000-0000-0000-0000-000000000018', 135.20, 10.82, 6.50, 152.52, 'GBP'),
    ('00000000-0000-0000-0000-000000000019', '10000000-0000-0000-0000-000000000019', 68.90, 5.51, 4.99, 79.40, 'GBP'),
    ('00000000-0000-0000-0000-000000000020', '10000000-0000-0000-0000-000000000020', 321.60, 25.73, 10.00, 357.33, 'EUR')
ON CONFLICT (id) DO NOTHING;

INSERT INTO shopping_cart_item (shopping_cart_id, product_id, name, quantity, unit_price, total_price, currency)
VALUES
    ('00000000-0000-0000-0000-000000000001', 'SKU-1001', 'Wireless Mouse', 2, 25.00, 50.00, 'USD'),
    ('00000000-0000-0000-0000-000000000001', 'SKU-1002', 'Mechanical Keyboard', 1, 75.00, 75.00, 'USD'),
    ('00000000-0000-0000-0000-000000000002', 'SKU-1003', 'Noise Cancelling Headphones', 1, 220.00, 220.00, 'USD'),
    ('00000000-0000-0000-0000-000000000002', 'SKU-1010', 'USB-C Cable', 2, 10.00, 20.00, 'USD'),
    ('00000000-0000-0000-0000-000000000003', 'SKU-1004', 'Gaming Mouse Pad', 1, 29.99, 29.99, 'USD'),
    ('00000000-0000-0000-0000-000000000003', 'SKU-1011', 'Laptop Stand', 1, 60.00, 60.00, 'USD'),
    ('00000000-0000-0000-0000-000000000004', 'SKU-1005', '4K Monitor', 1, 310.49, 310.49, 'USD'),
    ('00000000-0000-0000-0000-000000000004', 'SKU-1012', 'HDMI Cable', 1, 12.50, 12.50, 'USD'),
    ('00000000-0000-0000-0000-000000000005', 'SKU-1006', 'USB Hub', 1, 35.00, 35.00, 'USD'),
    ('00000000-0000-0000-0000-000000000005', 'SKU-1013', 'Wireless Charger', 1, 23.75, 23.75, 'USD'),
    ('00000000-0000-0000-0000-000000000006', 'SKU-1007', 'UltraWide Monitor', 1, 480.10, 480.10, 'USD'),
    ('00000000-0000-0000-0000-000000000007', 'SKU-1008', 'Smart Speaker', 1, 99.90, 99.90, 'USD'),
    ('00000000-0000-0000-0000-000000000007', 'SKU-1014', 'Smart Bulb Pack', 2, 25.00, 50.00, 'USD'),
    ('00000000-0000-0000-0000-000000000008', 'SKU-1009', 'Portable SSD', 1, 64.30, 64.30, 'USD'),
    ('00000000-0000-0000-0000-000000000009', 'SKU-1015', 'Gaming Laptop', 1, 915.00, 915.00, 'USD'),
    ('00000000-0000-0000-0000-000000000010', 'SKU-1016', 'Bluetooth Earbuds', 1, 39.95, 39.95, 'USD'),
    ('00000000-0000-0000-0000-000000000011', 'SKU-1017', 'Ergonomic Chair', 1, 275.45, 275.45, 'USD'),
    ('00000000-0000-0000-0000-000000000012', 'SKU-1018', 'Graphic Tablet', 1, 289.99, 289.99, 'USD'),
    ('00000000-0000-0000-0000-000000000012', 'SKU-1026', 'Studio Microphone', 1, 222.26, 222.26, 'USD'),
    ('00000000-0000-0000-0000-000000000013', 'SKU-1019', 'Fitness Tracker', 1, 76.40, 76.40, 'USD'),
    ('00000000-0000-0000-0000-000000000014', 'SKU-1020', 'VR Headset', 1, 189.00, 189.00, 'USD'),
    ('00000000-0000-0000-0000-000000000015', 'SKU-1021', 'Gaming Desktop', 1, 995.99, 995.99, 'USD'),
    ('00000000-0000-0000-0000-000000000016', 'SKU-1022', 'Smartphone', 1, 410.00, 410.00, 'EUR'),
    ('00000000-0000-0000-0000-000000000017', 'SKU-1023', 'Tablet', 1, 255.75, 255.75, 'EUR'),
    ('00000000-0000-0000-0000-000000000018', 'SKU-1024', 'Wireless Router', 1, 135.20, 135.20, 'GBP'),
    ('00000000-0000-0000-0000-000000000019', 'SKU-1025', 'Streaming Stick', 1, 68.90, 68.90, 'GBP'),
    ('00000000-0000-0000-0000-000000000020', 'SKU-1027', 'Action Camera', 1, 321.60, 321.60, 'EUR')
ON CONFLICT (shopping_cart_id, product_id) DO NOTHING;

INSERT INTO shopping_cart_discount (shopping_cart_id, code, amount)
VALUES
    ('00000000-0000-0000-0000-000000000001', 'WELCOME10', 10.00),
    ('00000000-0000-0000-0000-000000000002', 'VIP15', 15.00),
    ('00000000-0000-0000-0000-000000000004', 'FREESHIP', 12.50),
    ('00000000-0000-0000-0000-000000000006', 'LOYALTY', 20.00),
    ('00000000-0000-0000-0000-000000000007', 'BUNDLE5', 5.00),
    ('00000000-0000-0000-0000-000000000010', 'SPRING4', 4.99),
    ('00000000-0000-0000-0000-000000000011', 'VIP22', 22.00),
    ('00000000-0000-0000-0000-000000000012', 'CREATOR10', 10.00),
    ('00000000-0000-0000-0000-000000000014', 'VRFUN', 8.75),
    ('00000000-0000-0000-0000-000000000015', 'MEGASAVE', 25.00),
    ('00000000-0000-0000-0000-000000000016', 'EUROSHIP', 14.00),
    ('00000000-0000-0000-0000-000000000017', 'EUROLOYAL', 11.20),
    ('00000000-0000-0000-0000-000000000018', 'UKWELCOME', 6.50),
    ('00000000-0000-0000-0000-000000000019', 'UKSHIP', 4.99),
    ('00000000-0000-0000-0000-000000000020', 'EURO10', 10.00)
ON CONFLICT (shopping_cart_id, code) DO NOTHING;

COMMIT;

SELECT COUNT(*) AS shopping_cart_count
FROM shopping_cart;
